{
  "Delete" : {
    "transaction" : "Delete",
    "sampleCount" : 5100,
    "errorCount" : 0,
    "errorPct" : 0.0,
    "meanResTime" : 18575.047843137276,
    "medianResTime" : 20329.0,
    "minResTime" : 2471.0,
    "maxResTime" : 30341.0,
    "pct1ResTime" : 28965.100000000006,
    "pct2ResTime" : 29717.95,
    "pct3ResTime" : 29864.0,
    "throughput" : 63.97711877163932,
    "receivedKBytesPerSec" : 15.494458452506398,
    "sentKBytesPerSec" : 15.211532679292741
  },
  "Update Booking" : {
    "transaction" : "Update Booking",
    "sampleCount" : 5100,
    "errorCount" : 0,
    "errorPct" : 0.0,
    "meanResTime" : 22627.78764705873,
    "medianResTime" : 25909.0,
    "minResTime" : 275.0,
    "maxResTime" : 30570.0,
    "pct1ResTime" : 29734.0,
    "pct2ResTime" : 29811.95,
    "pct3ResTime" : 30028.89,
    "throughput" : 81.77532629958631,
    "receivedKBytesPerSec" : 33.1413675921175,
    "sentKBytesPerSec" : 37.33167974637623
  },
  "Total" : {
    "transaction" : "Total",
    "sampleCount" : 30600,
    "errorCount" : 0,
    "errorPct" : 0.0,
    "meanResTime" : 12102.605163398684,
    "medianResTime" : 14277.0,
    "minResTime" : 263.0,
    "maxResTime" : 30570.0,
    "pct1ResTime" : 28197.9,
    "pct2ResTime" : 29651.95,
    "pct3ResTime" : 29857.0,
    "throughput" : 322.32240667396985,
    "receivedKBytesPerSec" : 116.17412199073586,
    "sentKBytesPerSec" : 93.74242911013735
  },
  "Create Booking" : {
    "transaction" : "Create Booking",
    "sampleCount" : 5100,
    "errorCount" : 0,
    "errorPct" : 0.0,
    "meanResTime" : 11394.212352941195,
    "medianResTime" : 11411.5,
    "minResTime" : 1825.0,
    "maxResTime" : 27492.0,
    "pct1ResTime" : 17909.500000000004,
    "pct2ResTime" : 18821.85,
    "pct3ResTime" : 19929.94,
    "throughput" : 149.56888967094844,
    "receivedKBytesPerSec" : 65.35920476457564,
    "sentKBytesPerSec" : 63.53756543638923
  },
  "Get update booking info" : {
    "transaction" : "Get update booking info",
    "sampleCount" : 5100,
    "errorCount" : 0,
    "errorPct" : 0.0,
    "meanResTime" : 12247.019215686234,
    "medianResTime" : 12400.5,
    "minResTime" : 272.0,
    "maxResTime" : 16472.0,
    "pct1ResTime" : 15585.0,
    "pct2ResTime" : 15751.0,
    "pct3ResTime" : 15827.0,
    "throughput" : 71.29177907935754,
    "receivedKBytesPerSec" : 28.892664372981812,
    "sentKBytesPerSec" : 13.260797843248946
  },
  "Token" : {
    "transaction" : "Token",
    "sampleCount" : 5100,
    "errorCount" : 0,
    "errorPct" : 0.0,
    "meanResTime" : 292.2217647058821,
    "medianResTime" : 269.0,
    "minResTime" : 263.0,
    "maxResTime" : 2302.0,
    "pct1ResTime" : 307.0,
    "pct2ResTime" : 356.0,
    "pct3ResTime" : 902.9899999999998,
    "throughput" : 142.3586880669923,
    "receivedKBytesPerSec" : 37.67500436147941,
    "sentKBytesPerSec" : 36.14576064200977
  },
  "Get booking info" : {
    "transaction" : "Get booking info",
    "sampleCount" : 5100,
    "errorCount" : 0,
    "errorPct" : 0.0,
    "meanResTime" : 7479.342156862748,
    "medianResTime" : 6963.0,
    "minResTime" : 266.0,
    "maxResTime" : 16049.0,
    "pct1ResTime" : 14397.500000000004,
    "pct2ResTime" : 15109.0,
    "pct3ResTime" : 15737.97,
    "throughput" : 142.42627345844505,
    "receivedKBytesPerSec" : 58.13884990784182,
    "sentKBytesPerSec" : 26.492339569719057
  }
}