{
  "Delete" : {
    "transaction" : "Delete",
    "sampleCount" : 5150,
    "errorCount" : 2,
    "errorPct" : 0.03883495,
    "meanResTime" : 16067.50330097096,
    "medianResTime" : 15697.5,
    "minResTime" : 6382.0,
    "maxResTime" : 25881.0,
    "pct1ResTime" : 22357.9,
    "pct2ResTime" : 24983.999999999996,
    "pct3ResTime" : 25732.489999999998,
    "throughput" : 78.22349134984887,
    "receivedKBytesPerSec" : 18.972548918161518,
    "sentKBytesPerSec" : 18.54943660574601
  },
  "Update Booking" : {
    "transaction" : "Update Booking",
    "sampleCount" : 5150,
    "errorCount" : 0,
    "errorPct" : 0.0,
    "meanResTime" : 21822.75048543692,
    "medianResTime" : 24610.0,
    "minResTime" : 948.0,
    "maxResTime" : 26164.0,
    "pct1ResTime" : 25555.9,
    "pct2ResTime" : 25710.0,
    "pct3ResTime" : 25744.0,
    "throughput" : 99.95147986414361,
    "receivedKBytesPerSec" : 40.50767982775352,
    "sentKBytesPerSec" : 45.57086972343523
  },
  "Total" : {
    "transaction" : "Total",
    "sampleCount" : 30900,
    "errorCount" : 2,
    "errorPct" : 0.006472492,
    "meanResTime" : 10903.654951456441,
    "medianResTime" : 12201.0,
    "minResTime" : 264.0,
    "maxResTime" : 26164.0,
    "pct1ResTime" : 25128.9,
    "pct2ResTime" : 25398.0,
    "pct3ResTime" : 25732.0,
    "throughput" : 382.392614501219,
    "receivedKBytesPerSec" : 137.81047163302685,
    "sentKBytesPerSec" : 111.06076583325083
  },
  "Create Booking" : {
    "transaction" : "Create Booking",
    "sampleCount" : 5150,
    "errorCount" : 0,
    "errorPct" : 0.0,
    "meanResTime" : 9327.943883495123,
    "medianResTime" : 8629.5,
    "minResTime" : 1068.0,
    "maxResTime" : 22015.0,
    "pct1ResTime" : 17814.9,
    "pct2ResTime" : 19086.45,
    "pct3ResTime" : 20863.409999999996,
    "throughput" : 188.3618009582678,
    "receivedKBytesPerSec" : 82.20083848432756,
    "sentKBytesPerSec" : 80.01697599301416
  },
  "Get update booking info" : {
    "transaction" : "Get update booking info",
    "sampleCount" : 5150,
    "errorCount" : 0,
    "errorPct" : 0.0,
    "meanResTime" : 10611.088349514588,
    "medianResTime" : 10766.0,
    "minResTime" : 1680.0,
    "maxResTime" : 14098.0,
    "pct1ResTime" : 12341.900000000001,
    "pct2ResTime" : 13276.0,
    "pct3ResTime" : 13549.98,
    "throughput" : 86.80262936120006,
    "receivedKBytesPerSec" : 35.178799985251985,
    "sentKBytesPerSec" : 16.095126042895668
  },
  "Token" : {
    "transaction" : "Token",
    "sampleCount" : 5150,
    "errorCount" : 0,
    "errorPct" : 0.0,
    "meanResTime" : 278.6122330097092,
    "medianResTime" : 269.0,
    "minResTime" : 264.0,
    "maxResTime" : 936.0,
    "pct1ResTime" : 282.0,
    "pct2ResTime" : 312.0,
    "pct3ResTime" : 528.9399999999987,
    "throughput" : 175.13432632796028,
    "receivedKBytesPerSec" : 46.3490258153098,
    "sentKBytesPerSec" : 44.46770004420867
  },
  "Get booking info" : {
    "transaction" : "Get booking info",
    "sampleCount" : 5150,
    "errorCount" : 0,
    "errorPct" : 0.0,
    "meanResTime" : 7314.031456310679,
    "medianResTime" : 7703.5,
    "minResTime" : 266.0,
    "maxResTime" : 13816.0,
    "pct1ResTime" : 12428.900000000001,
    "pct2ResTime" : 12870.0,
    "pct3ResTime" : 13446.98,
    "throughput" : 175.11050663039782,
    "receivedKBytesPerSec" : 71.48065602686161,
    "sentKBytesPerSec" : 32.46935831774906
  }
}