{
  "Delete" : {
    "transaction" : "Delete",
    "sampleCount" : 5200,
    "errorCount" : 2482,
    "errorPct" : 47.73077,
    "meanResTime" : 24288.427307692396,
    "medianResTime" : 30289.0,
    "minResTime" : 4558.0,
    "maxResTime" : 32407.0,
    "pct1ResTime" : 31173.9,
    "pct2ResTime" : 31266.95,
    "pct3ResTime" : 31466.93,
    "throughput" : 59.554486628872475,
    "receivedKBytesPerSec" : 27.38707821536964,
    "sentKBytesPerSec" : 14.190717517036019
  },
  "Update Booking" : {
    "transaction" : "Update Booking",
    "sampleCount" : 5200,
    "errorCount" : 3566,
    "errorPct" : 68.57692,
    "meanResTime" : 25420.71846153844,
    "medianResTime" : 30290.0,
    "minResTime" : 2374.0,
    "maxResTime" : 30982.0,
    "pct1ResTime" : 30316.9,
    "pct2ResTime" : 30355.95,
    "pct3ResTime" : 30499.909999999996,
    "throughput" : 69.16549174004416,
    "receivedKBytesPerSec" : 41.926903214865256,
    "sentKBytesPerSec" : 31.610791146817057
  },
  "Total" : {
    "transaction" : "Total",
    "sampleCount" : 31200,
    "errorCount" : 8213,
    "errorPct" : 26.323717,
    "meanResTime" : 13489.003525640976,
    "medianResTime" : 18035.0,
    "minResTime" : 0.0,
    "maxResTime" : 32407.0,
    "pct1ResTime" : 30409.0,
    "pct2ResTime" : 31094.0,
    "pct3ResTime" : 31333.0,
    "throughput" : 290.24065787882455,
    "receivedKBytesPerSec" : 157.98577700133492,
    "sentKBytesPerSec" : 80.75520603191252
  },
  "Create Booking" : {
    "transaction" : "Create Booking",
    "sampleCount" : 5200,
    "errorCount" : 0,
    "errorPct" : 0.0,
    "meanResTime" : 13087.808076923091,
    "medianResTime" : 13221.5,
    "minResTime" : 2278.0,
    "maxResTime" : 31770.0,
    "pct1ResTime" : 19375.20000000001,
    "pct2ResTime" : 20553.0,
    "pct3ResTime" : 25788.779999999995,
    "throughput" : 134.00335008375208,
    "receivedKBytesPerSec" : 58.62646566164154,
    "sentKBytesPerSec" : 56.925251256281406
  },
  "Get update booking info" : {
    "transaction" : "Get update booking info",
    "sampleCount" : 5200,
    "errorCount" : 2165,
    "errorPct" : 41.634617,
    "meanResTime" : 8654.614423076919,
    "medianResTime" : 6078.5,
    "minResTime" : 0.0,
    "maxResTime" : 20927.0,
    "pct1ResTime" : 18966.0,
    "pct2ResTime" : 20235.0,
    "pct3ResTime" : 20402.0,
    "throughput" : 61.219684483164585,
    "receivedKBytesPerSec" : 66.7025873962503,
    "sentKBytesPerSec" : 6.664688401371556
  },
  "Token" : {
    "transaction" : "Token",
    "sampleCount" : 5200,
    "errorCount" : 0,
    "errorPct" : 0.0,
    "meanResTime" : 309.9813461538465,
    "medianResTime" : 296.0,
    "minResTime" : 284.0,
    "maxResTime" : 1527.0,
    "pct1ResTime" : 328.0,
    "pct2ResTime" : 371.0,
    "pct3ResTime" : 602.9799999999996,
    "throughput" : 115.1028178055205,
    "receivedKBytesPerSec" : 30.46178088407818,
    "sentKBytesPerSec" : 29.225324833432943
  },
  "Get booking info" : {
    "transaction" : "Get booking info",
    "sampleCount" : 5200,
    "errorCount" : 0,
    "errorPct" : 0.0,
    "meanResTime" : 9172.471538461547,
    "medianResTime" : 7197.5,
    "minResTime" : 286.0,
    "maxResTime" : 21114.0,
    "pct1ResTime" : 18750.800000000003,
    "pct2ResTime" : 19651.85,
    "pct3ResTime" : 20339.0,
    "throughput" : 115.10791366906476,
    "receivedKBytesPerSec" : 46.98741007194245,
    "sentKBytesPerSec" : 21.470323741007196
  }
}